{
    "accuracy": 0.7857142857142857,
    "precision": 0.7058823529411765,
    "recall": 0.6666666666666666,
    "f1_score": 0.6857142857142857,
    "roc_auc": 0.8122222222222222,
    "cohen_kappa": 0.5233539673607204,
    "log_loss": 0.6971940361703565
}